{
  "south": 32.6854727458773,
  "west": 35.058101882935,
  "north": 32.741346612653,
  "east": 35.12599395752
}