{
  "south": 32.287277751907,
  "west": 34.907341003418,
  "north": 32.313214093452,
  "east": 34.94128704071
}