{
  "south": 32.206460297924,
  "west": 34.843612442017,
  "north": 32.258377474546,
  "east": 34.911504516602
}