{
  "south": 31.200468350901,
  "west": 34.836959838867,
  "north": 31.260356946215,
  "east": 34.924850463867
}