{
  "south": 32.223983725055,
  "west": 34.90442276001,
  "north": 32.284230198037,
  "east": 34.980812072754
}