{
  "south": 31.635421117981,
  "west": 34.931545257568,
  "north": 31.707723905635,
  "east": 35.021667480469
}