{
  "south": 32.678829121527,
  "west": 35.196418762207,
  "north": 32.738627595453,
  "east": 35.271091461182
}