{
  "south": 31.693557017068,
  "west": 34.986133575439,
  "north": 31.761450771533,
  "east": 35.081062316895
}