{
  "south": 32.687656733671,
  "west": 35.348854064941,
  "north": 32.750466981085,
  "east": 35.432109832764
}
